{
  "unknown": {
    "precision": 0.8508771929824561,
    "recall": 0.7698412698412699,
    "f1-score": 0.8083333333333333,
    "support": 126,
    "confused_with": {
      "deny": 7,
      "inform": 6
    }
  },
  "ask_count": {
    "precision": 0.8928571428571429,
    "recall": 0.9191176470588235,
    "f1-score": 0.9057971014492753,
    "support": 136,
    "confused_with": {
      "ask_location": 8,
      "inform": 3
    }
  },
  "ask_functions": {
    "precision": 0.8990825688073395,
    "recall": 0.9333333333333333,
    "f1-score": 0.9158878504672897,
    "support": 105,
    "confused_with": {
      "unknown": 3,
      "goodbye": 3
    }
  },
  "greet": {
    "precision": 0.864516129032258,
    "recall": 0.8481012658227848,
    "f1-score": 0.8562300319488818,
    "support": 158,
    "confused_with": {
      "affirm": 10,
      "goodbye": 7
    }
  },
  "goodbye": {
    "precision": 0.7684210526315789,
    "recall": 0.7227722772277227,
    "f1-score": 0.7448979591836735,
    "support": 101,
    "confused_with": {
      "greet": 13,
      "affirm": 7
    }
  },
  "deny": {
    "precision": 0.8163265306122449,
    "recall": 0.7920792079207921,
    "f1-score": 0.8040201005025126,
    "support": 101,
    "confused_with": {
      "affirm": 11,
      "unknown": 4
    }
  },
  "affirm": {
    "precision": 0.8467432950191571,
    "recall": 0.9020408163265307,
    "f1-score": 0.8735177865612648,
    "support": 245,
    "confused_with": {
      "deny": 6,
      "greet": 5
    }
  },
  "thanks": {
    "precision": 0.9259259259259259,
    "recall": 0.8928571428571429,
    "f1-score": 0.9090909090909091,
    "support": 28,
    "confused_with": {
      "goodbye": 1,
      "ask_count": 1
    }
  },
  "inform": {
    "precision": 0.9420289855072463,
    "recall": 0.9002770083102493,
    "f1-score": 0.9206798866855525,
    "support": 361,
    "confused_with": {
      "ask_location": 14,
      "unknown": 7
    }
  },
  "ask_location": {
    "precision": 0.8355263157894737,
    "recall": 0.9407407407407408,
    "f1-score": 0.8850174216027874,
    "support": 135,
    "confused_with": {
      "ask_count": 6,
      "inform": 2
    }
  },
  "accuracy": 0.8723262032085561,
  "macro avg": {
    "precision": 0.8642305139164824,
    "recall": 0.862116070943939,
    "f1-score": 0.8623472380825479,
    "support": 1496
  },
  "weighted avg": {
    "precision": 0.8729561305943642,
    "recall": 0.8723262032085561,
    "f1-score": 0.87181877897347,
    "support": 1496
  },
  "micro avg": {
    "precision": 0.8723262032085561,
    "recall": 0.8723262032085561,
    "f1-score": 0.8723262032085561,
    "support": 1496
  }
}